{"cameraMode":{"drawMode":0,"name":"Shaded","section":"Shading Mode"},"sceneLighting":true,"audioPlay":false,"sceneViewState":{"m_AlwaysRefresh":false,"showFog":true,"showSkybox":true,"showFlares":true,"showImageEffects":true,"showParticleSystems":true,"showVisualEffectGraphs":true,"m_FxEnabled":true},"in2DMode":false,"pivot":{"x":59.795291900634769,"y":-17.157520294189454,"z":21.88653564453125},"rotation":{"x":0.10265069454908371,"y":0.2583317458629608,"z":-0.027614984661340715,"w":0.9602034091949463},"size":2.0188987255096437,"orthographic":false}