{"cameraMode":{"drawMode":0,"name":"Shaded","section":"Shading Mode"},"sceneLighting":true,"audioPlay":false,"sceneViewState":{"m_AlwaysRefresh":false,"showFog":true,"showSkybox":true,"showFlares":true,"showImageEffects":true,"showParticleSystems":true,"showVisualEffectGraphs":true,"m_FxEnabled":true},"in2DMode":false,"pivot":{"x":83.57361602783203,"y":-18.78115463256836,"z":36.9573860168457},"rotation":{"x":0.00815602857619524,"y":-0.42275330424308779,"z":0.0038048443384468557,"w":0.9062007069587708},"size":1.8069863319396973,"orthographic":false}