{"cameraMode":{"drawMode":0,"name":"Shaded","section":"Shading Mode"},"sceneLighting":true,"audioPlay":false,"sceneViewState":{"m_AlwaysRefresh":false,"showFog":true,"showSkybox":true,"showFlares":true,"showImageEffects":true,"showParticleSystems":true,"showVisualEffectGraphs":true,"m_FxEnabled":true},"in2DMode":false,"pivot":{"x":83.03668212890625,"y":-18.865339279174806,"z":35.17560577392578},"rotation":{"x":0.03439900279045105,"y":0.8513513207435608,"z":-0.05627068504691124,"w":0.5204399824142456},"size":1.1927247047424317,"orthographic":false}