{"cameraMode":{"drawMode":0,"name":"Shaded","section":"Shading Mode"},"sceneLighting":true,"audioPlay":false,"sceneViewState":{"m_AlwaysRefresh":false,"showFog":true,"showSkybox":true,"showFlares":true,"showImageEffects":true,"showParticleSystems":true,"showVisualEffectGraphs":true,"m_FxEnabled":true},"in2DMode":false,"pivot":{"x":-0.05128881335258484,"y":1.1817669868469239,"z":-0.9478436708450317},"rotation":{"x":-0.000027778203730122186,"y":0.9989203214645386,"z":-0.046483974903821948,"w":-0.0006012542871758342},"size":0.5557295083999634,"orthographic":false}