{"cameraMode":{"drawMode":0,"name":"Shaded","section":"Shading Mode"},"sceneLighting":true,"audioPlay":false,"sceneViewState":{"m_AlwaysRefresh":false,"showFog":true,"showSkybox":true,"showFlares":true,"showImageEffects":true,"showParticleSystems":true,"showVisualEffectGraphs":true,"m_FxEnabled":true},"in2DMode":false,"pivot":{"x":0.47591206431388857,"y":1.5915745496749879,"z":-0.20156526565551759},"rotation":{"x":-0.0012749664019793273,"y":-0.998706579208374,"z":0.038969237357378009,"w":-0.03267352655529976},"size":0.5827294588088989,"orthographic":false}