{"cameraMode":{"drawMode":0,"name":"Shaded","section":"Shading Mode"},"sceneLighting":true,"audioPlay":false,"sceneViewState":{"m_AlwaysRefresh":false,"showFog":true,"showSkybox":true,"showFlares":true,"showImageEffects":true,"showParticleSystems":true,"showVisualEffectGraphs":true,"m_FxEnabled":true},"in2DMode":false,"pivot":{"x":87.34828186035156,"y":-18.506603240966798,"z":40.5101203918457},"rotation":{"x":0.018812479451298715,"y":-0.9167710542678833,"z":0.043486032634973529,"w":0.3966018259525299},"size":0.21929436922073365,"orthographic":false}