{"cameraMode":{"drawMode":0,"name":"Shaded","section":"Shading Mode"},"sceneLighting":true,"audioPlay":false,"sceneViewState":{"m_AlwaysRefresh":false,"showFog":true,"showSkybox":true,"showFlares":true,"showImageEffects":true,"showParticleSystems":true,"showVisualEffectGraphs":true,"m_FxEnabled":true},"in2DMode":false,"pivot":{"x":62.09339141845703,"y":-19.290586471557618,"z":43.3800163269043},"rotation":{"x":0.029446551576256753,"y":-0.6019895672798157,"z":0.02222137153148651,"w":0.7976585626602173},"size":10.918374061584473,"orthographic":false}