{"cameraMode":{"drawMode":0,"name":"Shaded","section":"Shading Mode"},"sceneLighting":true,"audioPlay":false,"sceneViewState":{"m_AlwaysRefresh":false,"showFog":true,"showSkybox":true,"showFlares":true,"showImageEffects":true,"showParticleSystems":true,"showVisualEffectGraphs":true,"m_FxEnabled":true},"in2DMode":false,"pivot":{"x":81.85066986083985,"y":-18.691925048828126,"z":36.690834045410159},"rotation":{"x":-0.012195729650557042,"y":-0.9833236932754517,"z":0.07180672883987427,"w":-0.16678836941719056},"size":0.32033270597457888,"orthographic":false}