{"cameraMode":{"drawMode":0,"name":"Shaded","section":"Shading Mode"},"sceneLighting":true,"audioPlay":false,"sceneViewState":{"m_AlwaysRefresh":false,"showFog":true,"showSkybox":true,"showFlares":true,"showImageEffects":true,"showParticleSystems":true,"showVisualEffectGraphs":true,"m_FxEnabled":true},"in2DMode":false,"pivot":{"x":-0.026911616325378419,"y":1.0488746166229249,"z":-0.22537031769752503},"rotation":{"x":-0.08807120472192764,"y":0.8027715682983398,"z":-0.12256007641553879,"w":-0.5768741965293884},"size":0.6056054830551148,"orthographic":false}