{"cameraMode":{"drawMode":0,"name":"Shaded","section":"Shading Mode"},"sceneLighting":true,"audioPlay":false,"sceneViewState":{"m_AlwaysRefresh":false,"showFog":true,"showSkybox":true,"showFlares":true,"showImageEffects":true,"showParticleSystems":true,"showVisualEffectGraphs":true,"m_FxEnabled":true},"in2DMode":false,"pivot":{"x":51.80129623413086,"y":-25.143815994262697,"z":43.08760452270508},"rotation":{"x":0.08212662488222122,"y":-0.6260496973991394,"z":0.06654386967420578,"w":0.7725988626480103},"size":16.077884674072267,"orthographic":false}