{"cameraMode":{"drawMode":0,"name":"Shaded","section":"Shading Mode"},"sceneLighting":true,"audioPlay":false,"sceneViewState":{"m_AlwaysRefresh":false,"showFog":true,"showSkybox":true,"showFlares":true,"showImageEffects":true,"showParticleSystems":true,"showVisualEffectGraphs":true,"m_FxEnabled":true},"in2DMode":false,"pivot":{"x":0.11054185777902603,"y":1.077595829963684,"z":-0.21961462497711183},"rotation":{"x":0.07932572811841965,"y":0.6372635960578919,"z":-0.06619291752576828,"w":0.7636920213699341},"size":0.35841304063796999,"orthographic":false}