{"cameraMode":{"drawMode":0,"name":"Shaded","section":"Shading Mode"},"sceneLighting":true,"audioPlay":false,"sceneViewState":{"m_AlwaysRefresh":false,"showFog":true,"showSkybox":true,"showFlares":true,"showImageEffects":true,"showParticleSystems":true,"showVisualEffectGraphs":true,"m_FxEnabled":true},"in2DMode":false,"pivot":{"x":0.16908323764801026,"y":-0.3004951477050781,"z":-1.0374960899353028},"rotation":{"x":-0.020089522004127504,"y":0.8437281250953674,"z":-0.5354617834091187,"w":-0.031654778867959979},"size":0.8216792941093445,"orthographic":false}