{"cameraMode":{"drawMode":0,"name":"Shaded","section":"Shading Mode"},"sceneLighting":true,"audioPlay":false,"sceneViewState":{"m_AlwaysRefresh":false,"showFog":true,"showSkybox":true,"showFlares":true,"showImageEffects":true,"showParticleSystems":true,"showVisualEffectGraphs":true,"m_FxEnabled":true},"in2DMode":false,"pivot":{"x":82.07132720947266,"y":-18.65113067626953,"z":37.09349060058594},"rotation":{"x":0.029681243002414705,"y":-0.6967284679412842,"z":0.028842559084296228,"w":0.7161793112754822},"size":0.10898841917514801,"orthographic":false}