{"cameraMode":{"drawMode":0,"name":"Shaded","section":"Shading Mode"},"sceneLighting":true,"audioPlay":false,"sceneViewState":{"m_AlwaysRefresh":false,"showFog":true,"showSkybox":true,"showFlares":true,"showImageEffects":true,"showParticleSystems":true,"showVisualEffectGraphs":true,"m_FxEnabled":true},"in2DMode":false,"pivot":{"x":-0.5224405527114868,"y":1.4588162899017335,"z":0.46994948387145998},"rotation":{"x":-0.07037842273712158,"y":0.9223296046257019,"z":-0.32211610674858096,"w":-0.20151183009147645},"size":1.9394989013671876,"orthographic":false}