{"cameraMode":{"drawMode":0,"name":"Shaded","section":"Shading Mode"},"sceneLighting":false,"audioPlay":false,"sceneViewState":{"m_AlwaysRefresh":false,"showFog":true,"showSkybox":false,"showFlares":true,"showImageEffects":true,"showParticleSystems":true,"showVisualEffectGraphs":true,"m_FxEnabled":true},"in2DMode":false,"pivot":{"x":0.27729225158691409,"y":10.115372657775879,"z":0.07005500793457031},"rotation":{"x":-0.01846931129693985,"y":-0.5580461621284485,"z":-0.012851763516664505,"w":0.8295048475265503},"size":890.306884765625,"orthographic":false}