{"cameraMode":{"drawMode":0,"name":"Shaded","section":"Shading Mode"},"sceneLighting":false,"audioPlay":false,"sceneViewState":{"m_AlwaysRefresh":false,"showFog":true,"showSkybox":false,"showFlares":true,"showImageEffects":true,"showParticleSystems":true,"showVisualEffectGraphs":true,"m_FxEnabled":true},"in2DMode":false,"pivot":{"x":0.14054228365421296,"y":-0.22954551875591279,"z":-0.030985252931714059},"rotation":{"x":0.4445779323577881,"y":0.3016709089279175,"z":-0.16203074157238007,"w":0.8277111649513245},"size":0.19579559564590455,"orthographic":false}