{"cameraMode":{"drawMode":0,"name":"Shaded","section":"Shading Mode"},"sceneLighting":false,"audioPlay":false,"sceneViewState":{"m_AlwaysRefresh":false,"showFog":true,"showSkybox":false,"showFlares":true,"showImageEffects":true,"showParticleSystems":true,"showVisualEffectGraphs":true,"m_FxEnabled":true},"in2DMode":false,"pivot":{"x":0.025795668363571168,"y":0.0718289315700531,"z":0.004500091075897217},"rotation":{"x":0.166169211268425,"y":-0.4585343897342682,"z":0.08768270164728165,"w":0.8686289191246033},"size":0.42257240414619448,"orthographic":false}