{"cameraMode":{"drawMode":0,"name":"Shaded","section":"Shading Mode"},"sceneLighting":false,"audioPlay":false,"sceneViewState":{"m_AlwaysRefresh":false,"showFog":true,"showSkybox":false,"showFlares":true,"showImageEffects":true,"showParticleSystems":true,"showVisualEffectGraphs":true,"m_FxEnabled":true},"in2DMode":false,"pivot":{"x":0.03337973356246948,"y":0.647462785243988,"z":0.021032094955444337},"rotation":{"x":-0.000382803293177858,"y":0.9992859363555908,"z":-0.010492636822164059,"w":-0.0362950935959816},"size":16497.470703125,"orthographic":false}