{"cameraMode":{"drawMode":0,"name":"Shaded","section":"Shading Mode"},"sceneLighting":false,"audioPlay":false,"sceneViewState":{"m_AlwaysRefresh":false,"showFog":true,"showSkybox":false,"showFlares":true,"showImageEffects":true,"showParticleSystems":true,"showVisualEffectGraphs":true,"m_FxEnabled":true},"in2DMode":false,"pivot":{"x":-0.11038181185722351,"y":-0.016818184405565263,"z":0.015573350712656975},"rotation":{"x":0.09328614175319672,"y":0.8608974814414978,"z":-0.17083777487277986,"w":0.47008106112480166},"size":0.19579550623893739,"orthographic":false}